{
    "Rsq": [
        0.9882531879502234,
        0.5296996773973786
    ],
    "rerr_cl": [
        18.9125841383159,
        18.91759933709205,
        10.453490292102831,
        1.7285708609144295,
        1.5495082935652573,
        4.838103356873489,
        9.335109307650837,
        5.030891558266707,
        6.83366595789709,
        2.88450820697342,
        1.8569890124692547,
        5.298391173414331,
        7.0711902516934595
    ],
    "rerr_cd": [
        147.13375211180124,
        37.82804757763974,
        12.722366024844728,
        15.721714047619036,
        21.191692826086985,
        21.82905900621118,
        31.507962598343706,
        43.09962495859219,
        58.45750453416151,
        52.46103827122152,
        63.44966010351951,
        48.04629075569365,
        7.937662194617079
    ],
    "area_error_cl": 0.016837955294463434,
    "area_error_cd": 0.2300366286953097
}