{
    "Rsq": [
        0.9654488007952648,
        0.49426383094795645
    ],
    "rerr_cl": [
        12.211513318944192,
        3.206480928998605,
        0.9666196501641292,
        0.06841294572597495,
        1.2866751022977443,
        2.732790741490208,
        1.030479176221889,
        0.6038356490849808,
        0.6865238095238149,
        7.801699312019394,
        17.652410585008326,
        24.894382121498225,
        35.779877377580036
    ],
    "rerr_cd": [
        163.1512206610547,
        33.60895294627387,
        0.3433665635058193,
        4.775860918544191,
        12.589101349343865,
        18.9663382520426,
        28.36424714038129,
        31.83860625154741,
        46.18940297103246,
        41.36093083684075,
        40.95908374597667,
        40.35076678633328,
        96.25153523149294
    ],
    "area_error_cl": 0.05691871458712641,
    "area_error_cd": 0.09952781635705288
}