{
    "Rsq": [
        0.9348292565457326,
        0.6379766002860197
    ],
    "rerr_cl": [
        1.9203405697659377,
        3.707252180303399,
        2.4965338552563514,
        0.6890179898464937,
        0.6910055566804002,
        0.43726842290761425,
        0.36694823513526587,
        0.26558082682800044,
        0.16274999437586396,
        3.8743269367767783,
        15.027344866632209,
        20.486065105396957,
        32.99865169887436,
        41.70044738401083,
        49.59378131725562,
        27.26744205229736
    ],
    "rerr_cd": [
        189.08120559062215,
        72.96522362488729,
        12.221376555455363,
        2.4991179440937774,
        3.5518033363390527,
        6.290905590622163,
        7.825600090171334,
        13.077542560865657,
        19.41182515779982,
        19.262729035166835,
        19.37162524797113,
        12.123915599639343,
        13.126150766456366,
        65.67926970243452,
        117.37074247069435,
        80.16608656447269
    ],
    "area_error_cl": 0.11992539277954939,
    "area_error_cd": 0.16370712555928393
}