{
    "Rsq": [
        0.9412155106091052,
        0.7552088862233404
    ],
    "rerr_cl": [
        9.934424103264254,
        17.037929564353973,
        7.933118660791857,
        0.9476227504033747,
        2.942225766414292,
        1.2905317115551218,
        2.2137736130072176,
        2.57769467543747,
        2.4051458359190603,
        1.0448374084648595,
        6.0550918456001925,
        12.125987960779462,
        24.52353977907392,
        24.994033138885403,
        40.63259029415426,
        57.373896611642074
    ],
    "rerr_cd": [
        156.08889972412376,
        49.12682922243793,
        30.936437478287505,
        8.05129432921223,
        1.4619443751915675,
        9.749086175538986,
        7.8311027281087195,
        12.426174231122916,
        15.985862143659986,
        26.4507195259017,
        26.49763588433638,
        28.336327209563688,
        14.215573393276745,
        20.548885174210664,
        66.86630869520786,
        81.73638655359161
    ],
    "area_error_cl": 0.06310678047056295,
    "area_error_cd": 0.11666032871710945
}