{
    "Rsq": [
        0.9514801976535264,
        0.6866528742673212
    ],
    "rerr_cl": [
        4.973704870469496,
        12.759968482053548,
        3.35049346659235,
        1.0100333961961658,
        0.07148557336244672,
        1.344463484840365,
        2.855528452429161,
        1.0767610423521743,
        0.6309556931581735,
        0.7173576233269507,
        8.152096691684513,
        18.445232528841828,
        26.01246241591774,
        37.38685744390076,
        34.74604750597448,
        36.241828285219036
    ],
    "rerr_cd": [
        200.75239038502446,
        86.26220676451817,
        17.769909636247622,
        0.18154664964901138,
        2.525119336311421,
        6.656178600297792,
        10.027986215698794,
        14.996900063816211,
        16.833882237821737,
        24.421514060838128,
        21.86857783450327,
        21.65611104020418,
        21.334478366305053,
        50.890638757711116,
        61.972267321846346,
        31.249936609232037
    ],
    "area_error_cl": 0.07549742852377711,
    "area_error_cd": 0.1501641564828317
}