{
    "Rsq": [
        0.9785989603142216,
        0.6607047265399502
    ],
    "rerr_cl": [
        16.421766437227962,
        7.646223754727572,
        0.9133527297991173,
        2.8358225193473823,
        1.2438606619980952,
        2.13371425679334,
        2.4844744043948803,
        2.3181656559707586,
        1.0070516973251176,
        5.836114280718958,
        11.687461282218823,
        23.636665531742434,
        24.09014387463073
    ],
    "rerr_cd": [
        89.97086032934133,
        56.65698233532932,
        14.745138023952116,
        2.67740449101794,
        17.854473502994026,
        14.341879191616776,
        22.757291766467063,
        29.27650314371263,
        48.44183982035928,
        48.52776242514973,
        51.89514116766465,
        26.034396856287337,
        37.633222155688586
    ],
    "area_error_cl": 0.046974596214449604,
    "area_error_cd": 0.1187287527025128
}