{
    "Rsq": [
        0.9521964517542565,
        0.5828407502942863
    ],
    "rerr_cl": [
        3.5654339644413615,
        2.4010307818283514,
        0.6626601114868726,
        0.6645716454078339,
        0.4205410397748894,
        0.3529108992623262,
        0.2554212268881794,
        0.15652411258757604,
        3.7261173985211564,
        14.452484799261526,
        19.70238569488457,
        31.736312456173003,
        40.10522732316102
    ],
    "rerr_cd": [
        136.7931897269181,
        22.912299843953182,
        4.685277425227567,
        6.658822977893384,
        11.794016371911539,
        14.671219310793255,
        24.51741626788039,
        36.39275465539662,
        36.113233355006535,
        36.31738897269178,
        22.7295827308193,
        24.60854559167769,
        123.13368417425208
    ],
    "area_error_cl": 0.07801905372448852,
    "area_error_cd": 0.054683244658119856
}