{
    "Rsq": [
        0.8609755667659491,
        0.846467637972831
    ],
    "rerr_cl": [
        20.36460923633401,
        19.360298968494686,
        19.36543289133583,
        10.700954234453397,
        1.7694910653553662,
        1.586189576114516,
        4.952635067980151,
        9.55609798100235,
        5.149987116186474,
        6.995438329745525,
        2.9527927466529045,
        1.9009492409753725,
        5.423819210486224,
        7.238585501308499,
        125.42071867032641,
        35.185848547169975
    ],
    "rerr_cd": [
        91.02532397266677,
        81.87340320134793,
        21.049629654591396,
        7.079432069643363,
        8.748436132172605,
        11.792236562763286,
        12.146902555461947,
        17.53278285125902,
        23.983028512590128,
        32.52900690817187,
        29.192239558176535,
        35.306919928858846,
        26.735628493868802,
        4.416956734999589,
        46.138581372273926,
        53.03247477300367
    ],
    "area_error_cl": 0.07657688816615979,
    "area_error_cd": 0.019812268469505304
}