{"name": "Struct3", "R_ratio": 1.0483333333333333, "H_ratio": 1.0333333333333334, "Zone1": 100, "Zone2": 50, "Zone3": 50, "DomainHeight": 25, "DomainLength": 30, "span": 0.01, "chordlength": 0.1, "Rdivs": 133, "Hdivs": 116, "Zone_1": 166, "Zone_2": 111, "Zone_3": 111}