{"name": "Struct2", "R_ratio": 1.0522222222222222, "H_ratio": 1.0355555555555556, "Zone1": 100, "Zone2": 50, "Zone3": 50, "DomainHeight": 25, "DomainLength": 30, "span": 0.01, "chordlength": 0.1, "Rdivs": 122, "Hdivs": 111, "Zone_1": 144, "Zone_2": 96, "Zone_3": 96}