{"name": "Struct8", "R_ratio": 1.0288888888888887, "H_ratio": 1.0222222222222221, "Zone1": 100, "Zone2": 50, "Zone3": 50, "DomainHeight": 25, "DomainLength": 30, "span": 0.01, "chordlength": 0.1, "Rdivs": 188, "Hdivs": 144, "Zone_1": 277, "Zone_2": 185, "Zone_3": 185}