{"name": "Struct4", "R_ratio": 1.0444444444444445, "H_ratio": 1.031111111111111, "Zone1": 100, "Zone2": 50, "Zone3": 50, "DomainHeight": 25, "DomainLength": 30, "span": 0.01, "chordlength": 0.1, "Rdivs": 144, "Hdivs": 122, "Zone_1": 188, "Zone_2": 125, "Zone_3": 125}