{"name": "Struct5", "R_ratio": 1.0405555555555555, "H_ratio": 1.028888888888889, "Zone1": 100, "Zone2": 50, "Zone3": 50, "DomainHeight": 25, "DomainLength": 30, "span": 0.01, "chordlength": 0.45, "Rdivs": 155, "Hdivs": 127, "Zone_1": 211, "Zone_2": 140, "Zone_3": 140}