{"name": "Struct7", "R_ratio": 1.0327777777777778, "H_ratio": 1.0244444444444445, "Zone1": 100, "Zone2": 50, "Zone3": 50, "DomainHeight": 25, "DomainLength": 30, "span": 0.01, "chordlength": 0.1, "Rdivs": 177, "Hdivs": 138, "Zone_1": 255, "Zone_2": 170, "Zone_3": 170}