{"name": "Struct6", "R_ratio": 1.0366666666666666, "H_ratio": 1.0266666666666666, "Zone1": 100, "Zone2": 50, "Zone3": 50, "DomainHeight": 25, "DomainLength": 30, "span": 0.01, "chordlength": 0.1, "Rdivs": 166, "Hdivs": 133, "Zone_1": 233, "Zone_2": 155, "Zone_3": 155}