{"name": "Struct1", "R_ratio": 1.0561111111111112, "H_ratio": 1.037777777777778, "Zone1": 100, "Zone2": 50, "Zone3": 50, "DomainHeight": 25, "DomainLength": 30, "span": 0.01, "chordlength": 0.1, "Rdivs": 111, "Hdivs": 105, "Zone_1": 122, "Zone_2": 81, "Zone_3": 81}